date,barometer,vix,regime,regime_changed,svxy_price,svxy_dd_pct
2026-06-12,35.59,17.68,Calm,0,54.9,-1.7
2026-06-17,29.27,18.44,Calm,0,55.53,-2.32
2026-06-18,23.5,16.4,Calm,0,56.44,-0.72
2026-06-19,23.6,16.78,Calm,0,56.44,0.0
2026-06-22,25.89,17.28,Calm,0,56.52,-0.58
2026-06-23,32.97,19.49,Calm,0,55.0,-3.25
2026-06-24,35.01,18.63,Calm,0,55.16,-2.97
2026-06-25,36.43,18.89,Calm,0,55.61,-2.18
2026-06-26,36.54,18.41,Calm,0,55.53,-2.32
2026-06-29,33.41,17.65,Calm,0,56.59,-0.46
2026-06-30,26.27,16.45,Calm,0,57.26,0.0
2026-07-01,26.08,16.59,Calm,0,57.09,-0.3
2026-07-02,18.57,16.15,Calm,0,57.31,-0.0
2026-07-03,15.16,15.81,Calm,0,57.31,0.0
2026-07-06,15.29,15.57,Calm,0,58.07,0.0
2026-07-07,15.51,16.13,Calm,0,57.83,-0.41
2026-07-08,21.4,16.9,Calm,0,57.29,-1.34
2026-07-09,17.57,15.84,Calm,0,57.91,-0.28
2026-07-10,10.73,15.03,Calm,0,58.54,-0.0
2026-07-13,19.51,17.16,Calm,0,57.66,-1.5
2026-07-14,19.72,16.5,Calm,0,58.0,-0.92
2026-07-15,14.84,15.67,Calm,0,58.83,-0.0
2026-07-16,18.77,16.73,Calm,0,58.12,-1.21
2026-07-17,28.31,18.77,Calm,0,56.6,-3.79
2026-07-20,32.58,18.65,Calm,0,57.13,-2.89
2026-07-21,29.94,17.05,Calm,0,58.14,-1.17
2026-07-22,27.62,16.64,Calm,0,57.79,-1.77
2026-07-23,36.12,18.7,Calm,0,56.34,-4.23
2026-07-24,39.87,18.58,Calm,0,56.82,-3.42
2026-07-27,40.07,18.67,Calm,0,56.93,-3.23
2026-07-28,39.46,18.21,Calm,0,57.1,-2.94
2026-07-29,45.95,20.66,Calm,0,55.35,-5.92
2026-07-30,37.81,17.09,Calm,0,57.22,-2.74
2026-07-31,27.57,15.99,Calm,0,58.06,-1.31
2026-08-03,24.23,15.86,Calm,0,58.26,-0.97
2026-08-04,19.19,16.5,Calm,0,58.11,-1.22
2026-08-05,14.97,15.81,Calm,0,59.07,0.0
2026-08-06,10.32,15.15,Calm,0,59.5,0.0
2026-08-07,6.86,14.9,Calm,0,59.36,-0.24
2026-08-10,7.51,15.46,Calm,0,59.49,-0.02
2026-08-11,6.74,15.28,Calm,0,59.75,0.0
2026-08-12,4.47,14.55,Calm,0,60.62,0.0
2026-08-13,3.43,14.63,Calm,0,60.47,-0.25
2026-08-14,2.31,14.25,Calm,0,60.79,-0.0
2026-08-18,8.35,15.84,Calm,0,60.37,-0.69
2026-08-19,5.87,14.89,Calm,0,61.35,0.0
2026-08-20,9.51,16.01,Calm,0,61.03,-0.52
2026-08-21,7.74,15.13,Calm,0,61.57,0.0
2026-08-24,9.75,15.85,Calm,0,61.3,-0.79
2026-08-25,8.46,15.45,Calm,0,62.07,0.0
2026-08-26,7.12,15.21,Calm,0,62.15,-0.14
2026-08-27,4.56,14.51,Calm,0,62.95,-0.1
2026-08-28,3.37,14.43,Calm,0,62.55,-0.73
2026-08-31,4.08,14.92,Calm,0,63.02,-0.16
2026-09-01,14.89,16.34,Calm,0,62.1,-1.62
2026-09-02,9.93,15.2,Calm,0,63.03,-0.14
2026-09-03,6.46,14.32,Calm,0,63.7,-0.01
2026-09-04,5.82,14.53,Calm,0,63.53,-0.9
2026-09-07,7.59,15.3,Calm,0,63.53,0.0
2026-09-08,10.07,15.72,Calm,0,63.02,-1.7
2026-09-09,16.84,16.46,Calm,0,62.6,-2.36
2026-09-10,29.73,17.84,Calm,0,61.48,-4.1
2026-09-11,27.02,15.84,Calm,0,62.88,-1.92
2026-09-14,32.68,17.1,Calm,0,62.61,-2.34
2026-09-15,37.56,17.2,Calm,0,62.58,-2.39
2026-09-16,41.59,17.71,Calm,0,62.31,-2.81
2026-09-17,29.56,15.44,Calm,0,63.5,-0.95
2026-09-18,23.94,14.81,Calm,0,63.42,-1.08
2026-09-21,19.54,14.87,Calm,0,63.57,-0.84
2026-09-22,16.15,14.21,Calm,0,64.47,-0.2
2026-09-23,23.11,15.18,Calm,0,63.79,-1.22
2026-09-24,30.88,15.67,Calm,0,63.73,-1.32
2026-09-25,32.02,14.87,Calm,0,63.73,0.0
2026-09-28,38.72,16.07,Calm,0,64.22,0.0
2026-09-29,44.36,16.04,Calm,0,63.92,0.0
2026-09-30,48.87,16.34,Calm,0,64.09,0.0
