month,TV,DR,STR,PORT,SPY
2011-10-31,0.06,1.09,7.59,2.9,10.91
2011-11-30,-10.91,-6.56,-3.17,-6.92,-0.41
2011-12-31,5.76,-3.61,0.23,0.78,1.04
2012-01-31,14.33,17.27,4.64,11.98,4.64
2012-02-29,2.89,13.11,4.34,6.77,4.34
2012-03-31,17.9,10.09,3.22,10.35,3.22
2012-04-30,-0.98,-2.57,-0.67,-1.34,-0.67
2012-05-31,-11.06,-13.94,-6.01,-10.37,-6.01
2012-06-30,13.47,6.76,4.06,8.16,4.06
2012-07-31,3.37,1.63,1.18,2.13,1.18
2012-08-31,7.96,10.64,2.51,7.03,2.51
2012-09-30,10.98,1.6,2.54,5.03,2.54
2012-10-31,-2.66,-10.62,-1.82,-5.07,-1.82
2012-11-30,9.65,2.41,0.57,4.2,0.57
2012-12-31,-6.77,-1.42,0.89,-2.43,0.89
2013-01-31,12.69,5.31,5.12,7.72,5.12
2013-02-28,-1.17,-0.3,0.53,-0.3,1.28
2013-03-31,7.49,6.08,3.8,5.81,3.8
2013-04-30,-2.5,1.77,0.98,0.07,1.92
2013-05-31,-0.95,7.11,2.36,2.8,2.36
2013-06-30,-11.68,-2.34,2.64,-3.92,-1.33
2013-07-31,16.28,9.99,3.94,9.98,5.17
2013-08-31,-6.64,-1.04,-3.0,-3.56,-3.0
2013-09-30,4.84,4.7,1.6,3.68,3.16
2013-10-31,4.68,10.06,4.63,6.51,4.63
2013-11-30,6.25,6.91,2.96,5.39,2.96
2013-12-31,2.63,5.82,2.59,3.69,2.59
2014-01-31,-10.2,-2.24,-3.68,-5.44,-3.52
2014-02-28,4.67,10.26,4.55,6.5,4.55
2014-03-31,0.83,-5.59,0.83,-1.33,0.83
2014-04-30,1.94,-1.09,0.7,0.59,0.7
2014-05-31,9.12,8.99,2.32,6.79,2.32
2014-06-30,7.7,6.23,2.06,5.33,2.06
2014-07-31,-5.75,2.09,-1.34,-1.68,-1.34
2014-08-31,8.15,10.88,4.2,7.67,3.95
2014-09-30,-3.67,-0.96,-1.62,-2.09,-1.38
2014-10-31,-2.26,6.95,5.13,3.1,2.36
2014-11-30,4.89,9.19,2.75,5.6,2.75
2014-12-31,-5.9,-3.06,-1.93,-3.63,-0.25
2015-01-31,8.65,-1.73,-1.4,1.79,-2.96
2015-02-28,4.87,4.95,0.33,3.37,5.62
2015-03-31,-2.48,-5.26,-0.72,-2.9,-1.57
2015-04-30,7.36,3.58,0.98,3.98,0.98
2015-05-31,6.57,4.43,1.29,4.1,1.29
2015-06-30,-5.21,-5.79,-2.27,-4.4,-2.03
2015-07-31,-1.4,3.97,1.58,1.33,2.26
2015-08-31,2.44,-3.51,-1.89,-1.07,-6.1
2015-09-30,1.78,0.0,0.0,0.6,-2.55
2015-10-31,0.15,-2.48,0.37,-0.64,8.51
2015-11-30,-6.72,-2.84,-2.91,-4.14,0.37
2015-12-31,-0.49,-0.57,-1.31,-0.77,-1.73
2016-01-31,5.55,0.0,0.0,1.83,-4.98
2016-02-29,10.1,0.25,-0.2,3.31,-0.08
2016-03-31,7.78,9.54,8.72,8.71,6.73
2016-04-30,1.03,-6.56,0.39,-1.71,0.39
2016-05-31,10.35,8.67,1.7,6.88,1.7
2016-06-30,-1.92,-4.99,0.35,-2.11,0.35
2016-07-31,15.91,14.6,3.65,11.27,3.65
2016-08-31,5.52,1.91,0.12,2.51,0.12
2016-09-30,1.11,4.13,0.01,1.83,0.01
2016-10-31,-0.8,-3.06,-1.73,-1.85,-1.73
2016-11-30,9.02,1.29,3.74,4.64,3.68
2016-12-31,3.81,2.14,2.03,2.7,2.03
2017-01-31,14.0,10.28,1.79,8.59,1.79
2017-02-28,2.05,8.76,3.93,4.9,3.93
2017-03-31,7.49,3.86,0.13,3.81,0.13
2017-04-30,1.65,5.32,0.99,2.68,0.99
2017-05-31,3.5,7.62,1.41,4.23,1.41
2017-06-30,2.69,-5.14,0.64,-0.59,0.64
2017-07-31,6.3,8.2,2.06,5.52,2.06
2017-08-31,-5.1,3.57,0.29,-0.34,0.29
2017-09-30,8.29,-0.62,2.01,3.19,2.01
2017-10-31,7.13,9.12,2.36,6.2,2.36
2017-11-30,2.62,3.71,3.06,3.16,3.06
2017-12-31,6.68,0.89,1.21,2.92,1.21
2018-01-31,-3.83,17.84,5.64,6.23,5.64
2018-02-28,-4.71,-6.87,-3.79,-5.12,-3.64
2018-03-31,0.55,2.18,1.83,1.55,-2.74
2018-04-30,2.06,-5.33,-1.0,-1.47,0.52
2018-05-31,1.61,4.88,2.54,2.99,2.43
2018-06-30,-1.62,1.71,0.58,0.28,0.58
2018-07-31,8.02,5.04,3.7,5.63,3.7
2018-08-31,3.13,11.78,3.19,6.01,3.19
2018-09-30,4.25,-0.83,0.59,1.35,0.59
2018-10-31,-12.28,-22.89,-8.27,-14.63,-6.91
2018-11-30,2.4,-6.31,0.1,-1.33,1.85
2018-12-31,-4.2,-9.48,-6.33,-6.69,-8.8
2019-01-31,7.43,9.53,6.31,7.78,8.01
2019-02-28,5.91,5.62,3.24,4.94,3.24
2019-03-31,2.59,7.62,1.81,4.02,1.81
2019-04-30,6.3,10.84,4.09,7.07,4.09
2019-05-31,-5.09,-16.01,-6.3,-9.22,-6.38
2019-06-30,8.13,15.35,6.96,10.16,6.96
2019-07-31,4.31,4.31,1.51,3.39,1.51
2019-08-31,-10.9,-8.28,-3.15,-7.44,-1.67
2019-09-30,5.53,1.36,1.95,2.97,1.95
2019-10-31,8.14,8.44,2.21,6.28,2.21
2019-11-30,9.16,8.04,3.62,6.93,3.62
2019-12-31,3.46,7.61,2.91,4.69,2.91
2020-01-31,-8.73,2.46,-1.14,-2.58,-0.04
2020-02-29,-5.95,1.69,0.18,-1.37,-7.92
2020-03-31,-17.76,-10.54,-8.77,-12.35,-12.49
2020-04-30,1.04,0.0,0.0,0.37,12.7
2020-05-31,2.61,6.82,6.37,5.3,4.76
2020-06-30,-19.72,-5.5,0.9,-8.32,1.77
2020-07-31,5.08,11.66,1.75,6.17,5.89
2020-08-31,2.21,22.77,6.98,10.43,6.98
2020-09-30,2.33,-12.01,-3.74,-4.3,-3.74
2020-10-31,0.31,-6.17,-3.18,-2.91,-2.49
2020-11-30,19.79,22.56,12.52,18.38,10.88
2020-12-31,0.22,9.83,3.7,4.59,3.7
2021-01-31,-3.93,-0.83,-1.92,-2.18,-1.02
2021-02-28,12.16,-0.72,2.78,4.72,2.78
2021-03-31,16.61,2.31,4.54,7.88,4.54
2021-04-30,5.75,11.84,5.29,7.65,5.29
2021-05-31,4.1,-2.82,0.66,0.77,0.66
2021-06-30,7.14,12.75,2.24,7.36,2.24
2021-07-31,-3.19,5.56,2.44,1.63,2.44
2021-08-31,7.7,8.39,2.98,6.38,2.98
2021-09-30,-6.09,-11.43,-4.66,-7.38,-4.66
2021-10-31,13.24,16.17,7.02,12.12,7.02
2021-11-30,-12.2,0.68,-1.12,-4.24,-0.8
2021-12-31,10.8,3.02,2.77,5.52,4.62
2022-01-31,-7.77,-18.31,-8.16,-11.51,-5.27
2022-02-28,6.3,0.96,0.05,2.42,-2.95
2022-03-31,3.45,0.69,-1.76,0.79,3.76
2022-04-30,-2.72,3.23,2.12,0.87,-8.78
2022-05-31,-0.05,0.0,0.0,-0.01,0.23
2022-06-30,-1.82,0.0,0.0,-0.59,-8.25
2022-07-31,-2.51,5.97,8.08,3.78,9.21
2022-08-31,-5.67,-12.16,-6.69,-8.25,-4.08
2022-09-30,-4.95,0.01,-5.44,-3.46,-9.24
2022-10-31,-3.07,2.57,2.26,0.58,8.13
2022-11-30,15.45,5.17,7.17,9.28,5.56
2022-12-31,2.3,-18.08,-5.76,-7.46,-5.76
2023-01-31,11.5,21.2,6.29,12.96,6.29
2023-02-28,-1.44,-1.74,-2.51,-1.77,-2.51
2023-03-31,0.38,18.79,3.71,7.45,3.71
2023-04-30,8.71,0.34,1.6,3.54,1.6
2023-05-31,4.14,15.24,0.46,6.5,0.46
2023-06-30,17.33,12.32,6.48,12.07,6.48
2023-07-31,4.96,7.22,3.27,5.21,3.27
2023-08-31,1.65,-3.98,-1.63,-1.27,-1.63
2023-09-30,-4.44,-10.21,-4.74,-6.46,-4.74
2023-10-31,-6.83,2.09,-0.19,-1.63,-2.17
2023-11-30,16.32,21.71,9.07,15.62,9.13
2023-12-31,5.49,10.72,4.57,6.93,4.57
2024-01-31,1.17,2.89,1.59,1.95,1.59
2024-02-29,5.5,10.03,5.22,6.97,5.22
2024-03-31,2.16,1.74,3.27,2.43,3.27
2024-04-30,-2.82,-9.33,-4.03,-5.36,-4.03
2024-05-31,8.69,12.36,5.06,8.69,5.06
2024-06-30,3.11,12.11,3.53,6.21,3.53
2024-07-31,-3.55,-4.31,1.21,-2.12,1.21
2024-08-31,-0.8,1.57,2.71,1.32,2.34
2024-09-30,-6.82,4.35,2.1,-0.12,2.1
2024-10-31,-8.38,-2.4,-0.89,-3.88,-0.89
2024-11-30,15.27,10.1,5.96,10.45,5.96
2024-12-31,-1.13,1.0,-2.43,-0.78,-2.41
2025-01-31,1.08,3.48,2.69,2.49,2.69
2025-02-28,-1.66,-6.0,-1.27,-2.95,-1.27
2025-03-31,-8.04,-15.56,-5.57,-9.73,-5.57
2025-04-30,-5.43,-1.11,2.78,-1.19,-0.87
2025-05-31,8.07,18.23,6.28,10.81,6.28
2025-06-30,5.37,12.52,5.14,7.66,5.14
2025-07-31,6.41,4.3,2.3,4.35,2.3
2025-08-31,7.52,1.18,2.05,3.59,2.05
2025-09-30,4.51,10.48,3.56,6.17,3.56
2025-10-31,-8.32,7.51,1.75,0.15,2.38
2025-11-30,-0.07,-5.06,-0.25,-1.81,0.19
2025-12-31,10.01,-1.92,0.08,2.64,0.08
2026-01-31,-2.31,1.85,1.47,0.38,1.47
2026-02-28,-3.36,-5.19,-0.86,-3.1,-0.86
2026-03-31,-13.6,-7.97,-5.02,-8.86,-4.94
2026-04-30,12.56,30.24,9.98,17.33,10.51
2026-05-31,7.73,21.48,5.26,11.36,5.26
2026-06-30,0.62,-9.43,-3.39,-3.98,-1.03
